track,method,n_queries,annotated_passage_hit1,annotated_passage_hit5,annotated_span_recall5,all_annotated_spans5
official_templates,bm25,2613,0.13279755070799848,0.3249138920780712,0.31751498915678017,0.3099885189437428
official_templates,latest_mentioned_year_top20,2613,0.269804822043628,0.5185610409491006,0.5088659267763745,0.49904324531190203
official_templates,year_envelope_filter,2613,0.1385380788365863,0.34443168771526983,0.3366500829187396,0.3287409108304631
official_templates,explicit_range_filter,2613,0.13203214695752008,0.3210868733256793,0.3138793213420079,0.3065442020665901
official_templates,range_support_top20,2613,0.2093379257558362,0.3849980864906238,0.37625972700599564,0.36739380022962115
human_questions,bm25,830,0.20722891566265061,0.4566265060240964,0.45040160642570276,0.4433734939759036
human_questions,latest_mentioned_year_top20,830,0.3144578313253012,0.5469879518072289,0.5401606425702811,0.5325301204819277
human_questions,year_envelope_filter,830,0.23012048192771084,0.491566265060241,0.48333333333333334,0.4746987951807229
human_questions,explicit_range_filter,830,0.20240963855421687,0.44096385542168676,0.4353413654618474,0.42891566265060244
human_questions,range_support_top20,830,0.2325301204819277,0.4457831325301205,0.4399598393574297,0.43373493975903615
